rank,want,price,title,risk,seller,area,publish_date,url
1,23347,1,"LR手机版/iPad/电脑版 Lightroom手机版/电脑版iPad/手机Lr会员 【24小时自动发货】  • VIP功能：包含RAW格式处理、选择性调整、几何校正、AI智能标记等80+项高级功能  支持设备说明  • iOS正版授权：苹果设备直接安装使用，支持iPad与iPhone全系机型  • 安卓设备：提供安装包+详细教程，适配鸿蒙/安卓全系统  •Mac电脑：提供安装包+详细教程，适配苹果电脑全系统  •win电脑：提供安装包+详细教程，适配win全系统 注意：一单一个设备哦",🔴,上山打老虎冬天,广东,2025-03-11,https://www.goofish.com/item?id=897607229043
2,4840,1.88,"Lightroom手机版/电脑版iPad/安卓/鸿蒙，还有1 0000+精美预设赠送  【24小时自动发货】  • VIP功能：包含RAW格式处理、选择性调整、几何校正、AI智能标记等80+项高级功能  支持设备说明  • iOS正版授权：苹果设备直接安装使用，支持iPad与iPh...",🟢,上山打老虎冬天,北京,2025-05-15,https://www.goofish.com/item?id=924389813673
3,2851,4.80,"斗地主ai记牌器，Ai提示，安卓斗地主记牌器，微乐jj途游边 锋天天斗地主等都支持！ ai提示记牌器功能介绍：吉吉助手 （1）支持经典模式3人斗地主，支持主流平台小程序APP或自建房支持安卓手机、安卓平板。 （2）AI提示出牌，记牌器通过百亿次模拟对战训练学习，通过起手牌分析是否叫地主或加倍，分析每家出过的牌结合自己手牌给出建议出牌提示，按提示出轻松游戏提高获胜几率。 （3）精准自动记牌，外面还剩什么牌是否有炸一目了然，包括上下家每家的出牌记录和剩余张数都能精准显示。 （4）[ai提示仅支持安卓手机经典斗地主模式] 需要跑得快或者苹果普通记牌器软件可浏览店铺其他款或者点我想要咨询哦！",🔴,斗地主ai记牌器智能记牌,河南,2025-04-22,https://www.goofish.com/item?id=915541020405
4,2019,1,"电商AI设计生图提示词全流程手册主图/详情页/海报/包装/创 意玩法全都有  --★24小时佰渡自动发货，即拍秒发★-- --★24小时佰渡自动发货，即拍秒发★-- --★24小时佰渡自动发货，即拍秒发★--  宝贝秒拍秒发，拍下即发全部素材！没有任何额外费用！  ✅内容超全！主图、详情页、海报、包装...",🟢,晓云素材,北京,2026-06-02,https://www.goofish.com/item?id=1054747331555
5,1706,1,"【做视频】【什么都可以】要求尽管提！24小时在线接单！ai视 频制  【做视频】【什么都可以】要求尽管提！24小时在线接单！ai视频制作、视频剪辑在线接单，会pr，AE、达芬奇等，今晚能出！！急单优先！！   点击“聊一聊”回复 【在】即可，只需要回复 【在】就行了，别说违禁词！！！  平时做的活儿挺多元的：纪录片、企业的产品主图视频、宣传片、卡点快剪、，产品介绍、活动快剪、快闪那种也都能做，基本上你能想到的视频类型我这边都能弄。  欢迎老板砸单！熟练使用AE，PR，AU，达芬奇等各种剪辑软件，啥都可以做，尽管说要求，有问必答！  擅长动画特效、mg动画、视频特效、粒子动画、AI生成视频、ai动画、ai广告、ai科普、ai教学 点击“聊一聊”回复 【在】即可，  只需要回复 【在】就行了，别说违禁词！！！  个人接单7年，自己有一个小团队，本人专注做ai视频！剪辑制作！ae特效 ai视频！ai动画、ai特效 都能做！！！技术过硬，认真负责，  承接全品类视频制作，包括但不限于：  1、平台视频：抖音、快手、视频号、B站主视频，含调色、短画质修复、字幕包装 2、动画制作：二维动画短片、LOGO演绎、产品功能演示、文字动画、数据图表动效、卡通形象 3、成片类：企业宣传片、产品介绍、活动记录（婚礼/年会/庆典）、课程与演讲剪辑、个人Vlog与旅行日常 4、效果包装：合成、抠像、绿幕、动态图形、转场、文字标题、光影处理、片头片尾   最拿手的是AI视频、AE特效和影视混剪这块，磨皮抠图、旅游视频、信息流广告、画质修复这些都接。 抖音快手视频号的短视频也没问题  有需求直接来聊～ 欢迎点击“聊一聊”，回复在，和我沟通！！！不要说任何违禁词！！～！！",🟠,巴黎撒花的荷叶,浙江,2026-06-15,https://www.goofish.com/item?id=1059394453775
6,1568,1,"炫图】炫图AI会员 帮p图 可帮做xuan图一切Vip权益效 果/Ai添加/Ai换装/Ai换背景/消除路人/增加功能…… 一张1r 不砍价 正常几分钟到半小时出图，多张多优惠！！  拍后发图沟通 拍前需知: 1.保护客户隐私，发完即删 2.虚拟产品不退货，请考虑清楚下单！ ...",🔴,巨型火龙果,浙江,2025-03-30,https://www.goofish.com/item?id=904387161787
7,1399,39,"DeepSeek本地部署软件开发 DeepSeek 本地部署 智能AI，欢迎随时来询！ Ollama外加各种DeepSeek模型  拍下宝贝后，通过 网易UU或者向日葵远程部署。  不懂随时问，都是亲自安装部署过的，流程非常熟悉  重点来了，部署不成功，不收费！  离线断网依然可运行！  这一套组合，非常厉害，前期安装简单迅速，后期可组建自己的知识库，训练自己的大模型，做到一个真正懂你的智能Ai！",🟠,喵喵喵喵喵喵_喵喵喵_,江苏,2025-02-09,https://www.goofish.com/item?id=885230518883
8,1223,1.88,"Kimi AI一键生成PPT无限次数教程 【Kimi技巧】网页/手机通用，解除剩余额度使用限制，教程简单，手机电脑操作即可，不用下载其他软件 1.KIMI智能助手网页版、手机版无限制次数使用。 2.可解决KIMI网站、agent、文档、PPT、表格、深度研究的剩余额度用完问题。 3...",🟢,vv个人闲置,安徽,2026-03-29,https://www.goofish.com/item?id=1038432149685
9,1152,1,"【自动发货】万兴喵影自用出租1天3天7天 自用的号闲置着，租给需要的朋友  一人一号，独享账号，更安全！  万兴喵影账号支持全平台使用，官方版本登陆账号密码使用，不支持国际版！  该号不包含第三方的视觉中国素材和ai点数积分  商品一经售出，恕不退换，不提供技术服务，小白慎拍，...",🔴,无忧无虑的草莓,广东,2025-06-11,https://www.goofish.com/item?id=938515644437
10,1077,19,"AI视频！AI各类短片制作！！ AI视觉创作服务：专业解决您的视频与图像需求   我们专注提供全维度AI视觉解决方案，覆盖视频、动画与图像全品类创作，高效攻克各类制作难点，具体服务如下：   - AI视频制作：支持品牌宣传、产品介绍、知识科普等多场景定制，可匹配写实、简约、科技等多元风格，满足不同传播需求。 - AI动画短预计工期1天内 - AI图片生成：可定制场景图、产品图、插画等各类视觉素材，支持风格化调整与细节优化，确保画面质感与需求高度匹配。   欢迎咨询！！",🟠,未来视界AI工场,广东,2025-09-19,https://www.goofish.com/item?id=978626141744
11,969,25,"Gemini AI pro最新年卡直充12个月订阅优惠官方直 充订阅 3.1pro模型 gemini3.5/3.6 年卡直充12个月 满血满配不降智、适合学习研究、文献整理、文案创作、工作效率提升使用。  自己账号开通，无门槛直接使用！ 官方可查时长，稳定不掉线，权益不失效 全程质保，买多久保多久，售后安心！ 性能拉满，输出稳定，高效辅助学习与工作 承诺不符可售后处理，诚信经营，长期可靠  标价就是实价，无任何隐形消费，拍下后联系安排即可，长期稳定可冲！",🔴,卢萨卡讨厌早起的深海兔鱼,重庆,2026-06-13,https://www.goofish.com/item?id=1059777208718
12,954,5,"AIGC设计出图快无套路 AIGC设计出图快无套路  资深 aigc 设计！出图快、效果好、无套路～  资深 aigc设计！出图快、效果好、无套路～  MJ/SD 双平台操作，承接 AI 生成、AI 改图，动漫、IP 形象、三视图、产品渲染、实景还原、插画、壁纸头像、电商图、设计稿全品类！风格多样～  对接超简单：你提要求 / 发参考，我来实现～  售后保障：首次不满意免费改 3 次，复杂款单独谈，防白嫖党～  5r 起接，多年经验！小钱办大事，设计不踩坑～",🟢,小诗的设计铺,广东,2026-04-07,https://www.goofish.com/item?id=1041217821650
13,924,98,"豆包AI流量排名优化 豆包首页推荐流量 豆包首页推荐AI流量推广服务！专做豆包、DeepSeek、元宝等AI搜索排名优化，本地生活、工厂、企业服务等行业都能做。客户搜关键词，你的内容稳占AI回答第一条，纯正规优化，安全不违规！多平台同步操作，每周反馈排名数据，效果看得见。本地部署，靠谱稳定！想抢AI流量红利。  AI搜索GEO优化软件 源头直供标价即实价！98 元/年，低价出 ●     网页版操作：无需下载，打开即用，操作简单灵活 ●     功能全面：不限主词、不限关键词，低成本可持续维持优化效果 ●     适用广泛：工厂、商务服务、个人等各类行业都能用 核心功能 ●     支持 8 大主流AI模型平台 ●     支持文章在线AI创作 ●     支持检索量高的关键词筛选 ●     支持文章自动发布 ●     支持对接权威媒体平台 ●     支持自建知识库 ●     支持图片素材库 ●     支持各大模型关键词反馈报表 源头直供，也招代理，虚拟产品开通不退不换，白菜价！不坑人，欢迎咨询合作",🔴,靠Ai收录翻身的工程师,广东,2026-03-22,https://www.goofish.com/item?id=1033567303991
14,889,10,"视频剪辑制作Ai/Ae宣传片vlog加急 在线承接各类视频剪辑定制，性价比超高、成片质感拉满，24小时全天在线随时对接，最快1小时极速出片！   业务承接全品类 宣传片、专题片、广告片、婚礼MV、电子相册、口播、Vlog剪辑、LED背景视频、年会开场/回顾、爱情/生日纪念视频、MV制作、抖音短视频、AE特效包装、CAD建模渲染、ae动画制作、视频调色、画面修复、卡点混剪、绿幕抠像、 Ai短剧小视频、Ai漫剧等   技术亮点 [火]精准调色、降噪去水印，解决素材模糊、光线不均问题，还原质感 [火]节奏把控到位，音画无缝衔接，字幕精准无误差 [火]多风格适配，从简约高级到活泼吸睛，按需定制不敷衍   服务核心优势  ✅ 专业资深剪辑团队：深耕行业十年，审美高级、风格百搭，一对一专属客服对接，精准吃透你的制作需求。 ✅ 无忧售后保障：初稿不满意直接全额原路退款，零成本试单，全程无套路。 ✅ 流程正规透明：无隐形消费，每一步都清晰可追溯。   标准服务流程   1. 需求沟通：说明视频风格、时长、用途及交付时间 2. 素材提交：发送视频、图片、文案素材，有参考样片更佳 3. 敲定报价：根据制作难度协商定价，价格公开透明 4. 下单安排：确认方案后下单，即可启动制作 5. 定制制作：专业剪辑师量身打磨剪辑与特效 6. 水印预览：发送带水印样片，供你整体审阅 7. 免费修改：支持多次细节调整（常规3次免费精修） 8. 定稿确认：满意后完成验收 9. 高清交付：发送无水印超清原片文件   主页作品均为真实成交案例，可随时翻看，需要看作品剪辑实力可以直接私聊，发样品",🟠,诗意视频制作,湖北,2026-04-22,https://www.goofish.com/item?id=1045411482962
15,861,2.99,"PS AI弹窗修复远程处理 PS AI 弹窗解决Adobe非正版验证提示远程处理防检测报错WIN/MAC",🔴,码农科技,广东,2025-03-13,https://www.goofish.com/item?id=898804140005
16,736,5.50,"AI动画视频高效定制出片 AI动画视频定制效率快，AI视频剪辑  AI动画视频制作接单全类型定制高性价比当天出片无忧  AI动画视频制作接单中！全类型AI视频均可承接制作。 AI生成高质量画面，专属AIGC视频定制，涵盖AI动画、全平台适配AI视频。  可承接商业广告、专属画面定制，价格实惠亲民，支持各类风格个性化定制！  可做：企业宣传｜产品广告｜趣味视频｜文旅宣传｜AI动画｜画面转绘  你脑海里构想的各类画面，我都能用AI精准还原！支持图生视频、脚本策划一条龙服务。  出片高效快捷｜性价比高！  #AI视频 #AI动画 #企业宣传片 #产品宣传片 #视频剪辑 #AI接单 #闲鱼接单 #在家做视频 #AI定制",🟠,小柯南啦,北京,2026-04-03,https://www.goofish.com/item?id=1040951124548
17,711,49,"大学生AI视频定制全包制作 AI视频定制，个人独立承接全品类AI全流程视频制作，自研AI创作，技术成熟、报价亲民！ 可做： 1.商业AI广告：产品种草、门店推广、品牌招商短片 2.企业AI宣传片：公司简介、项目路演、工厂实景宣传片 3.AI漫剧/动漫：图文漫改、连载短漫剧、二次元动画短片 4.精品AI短剧：竖屏爆款短剧、悬疑/情感/玄幻全品类定制 5.定制类：科普短片、口播虚拟人视频、短视频素材成片  一站式全包：脚本撰写→AI生成画面→配音配乐→剪辑精修→成片交付 初稿微调，按需优化画面镜头，加急单优先排期，快速出片 个人接单，同等画质价格更划算，发需求即可快速报价#视频后期剪辑 #视频宝贝集市",🟠,宁采臣爱剪辑,四川,2026-06-14,https://www.goofish.com/item?id=1057255883020
18,670,3999,"AI Agent真实项目收徒 AI Agent落地收徒｜主流智能体工具实战｜客户项目带学｜明远AI  ✅商品详情  低于这个预算的不要咨询，大家时间都很宝贵。 本商品 3999元 / 3个月，不讲价。 初步限额 5名，招满为止。  明远AI这个商品，不是普通 AI 工具课。 我们更关注的是：你能不能真正用 AI Agent 解决实际问题。  所以这套收徒方式，不是从理论讲到理论， 而是：  以真实项目为训练场，以实际交付为目标，以解决问题为核心。  课程会围绕主流 AI Agent 工具展开，结合公司内部项目、客户项目、真实需求案例，带你建立一套 AI Agent 落地方法。  ✅覆盖工具  Pi Agent Workbuddy OpenCode OpenClaw Hermes 其他常见 AI Agent / 工作流 / 自动化工具  工具不是目的，解决问题才是目的。 每个工具都会放到真实场景中去理解，而不是孤立学习。  ✅培养内容  AI Agent 工具体系认知 主流工具安装与基础配置 不同 Agent 工具适用场景判断 客户需求拆解方法 业务流程梳理方法 AI Agent 工作流设计 项目方案设计 真实项目案例复盘 交付文档与使用说明 持续优化与售后思路  ✅三个月学习路径  第1个月：工具认知与基础上手 了解主流 AI Agent 工具，熟悉基础操作，知道不同工具适合什么场景。  第2个月：真实需求拆解 结合客户项目和内部项目，学习如何从业务问题出发，拆成 AI Agent 可执行的流程。  第3个月：项目落地与交付思路 围绕真实项目训练方案设计、搭建、测试、交付和复盘，让你形成自己的 AI 落地方法。  ✅适合人群  想做 AI 落地服务的人 想利用 AI Agent 提升工作效率的人 想进入企业 AI 服务方向的人 想学习真实项目交付的人 想用 AI Agent 搭建数字员工的人 想把 AI 工具变成生产力的人  ✅不适合人群  只想看教程的人 不愿意动手的人 只想低价试试的人 嫌贵的人 希望别人全程代做的人 幻想学完立刻暴富的人  ✅项目合作说明  学成后，公司后续客户项目会优先在学员中沟通合作机会。 表现稳定、能配合、能交付的学员，会优先参与合适项目。  项目合作按具体需求和市场价单独结算。 不承诺一定有项目，不承诺收入，不承诺接单结果，最终以能力、项目需求和双方沟通为准。  ✅服务说明  本商品为 AI Agent落地收徒，不是项目外包，也不是保证接单课程。 项目训练会根据实际情况安排，涉及客户项目时会遵守保密和交付边界。  ✅一句话总结  明远AI带你的不是“工具清单”， 而是一套用 AI Agent 解决真实问题、参与真实项目、形成交付能力的方法。",🟠,明远AI,北京,2026-06-29,https://www.goofish.com/item?id=1062677417697
19,611,4.60,"AI视频制作！效率快，白菜价！ AI视频剪辑制作！效率快，白菜价！（视频剪辑/制作｜预计1天左右交付，具体要看工作量和时长｜起价元）  个人承接，经验丰富，案例多，沟通顺畅！ 你只需要说下需求、时长、风格，剩下的交给我哈～ 加急每提前1天+30元， 量大粉丝优惠价！  诚信经营，凡过此店万事如意！ 有需要直接私聊，细节都能聊，喜欢直接拍！",🟢,小柯南啦,陕西,2026-07-01,https://www.goofish.com/item?id=1061499299951
20,598,10,"Python，java，c++编程代做 编程代做接单，加急也能冲！  python/java/c++ 代做，一站式搞定所有编程问题！ 代码搞不定？代码报错改到崩溃？环境配置卡到秃头？  ✅ python 全流程服务：代码编写 / 数据处理 / 爬虫定制 / 画图可视化 / 调试改 bug / 环境安装 / 答疑辅导 / 代码优化 ✅ java/c++ 代做代写、项目全搞定  重要的事情说三遍： 不满意不要钱！ 不满意不要钱！！ 不满意不要钱！！！  全程直入主题，不搞虚的！ 直接把你的需求、参考样例、交付截止时间发过来，也可以直接带预算问 按需报价，价格亲民，主打一个靠谱稳出，帮你轻松搞定编程难题！",🟠,程序员小小月,上海,2026-04-21,https://www.goofish.com/item?id=1044303727756
21,518,6,"代码随想录项目包更新 代码随想录，项目java/go/c++  有最新的kamaclaude  使用到27年3月 近期很多人盗用我的文案，还用我的文档，我将采取文档授权方式，倒卖我的肯定无法更新哦    我们提供的是高质量服务， 有售后服务，享受更多福利  代码随想录项目，全部项目都有（包含最新项目ai），包更新，可直拍，标价就是定价。 一次收费，一直使用到27年3月  拍下不退，介意勿拍 项目发货为语雀文档链接+密码，包更新  包更新为在线文档实时更新，密码按需提供 感兴趣的话点“我想要”和我私聊吧～",🟢,大模型开发,重庆,2026-03-24,https://www.goofish.com/item?id=1035244506576
22,512,8.80,"AI定制设计，1分钟秒回，支持修改 大学生在线接单平面设计ps ai一分钟内秒回！PS、AI学生海报平面设计，视觉传达专业，设计经验丰富，态度友好。代做，海报，logo， 字体，p p t等较为容易的都没问题，如果会做会提前告知，诚信买卖！  可接加急！！可接加急！！  可接...",🟠,我讨厌榴莲,北京,2025-01-07,https://www.goofish.com/item?id=873370835460
23,485,25,"AI视频制作（AIGC动画制作）高效便宜 物美价廉，个人制作 接触市面上新的软件制作，并且熟练使用，动画师出身，审美好，制作速度也快 AI视频制作，不限制风格，各种风格都能做  制作类型 广告，企业宣传，品牌宣传，创意类，剧情类，数字人，搞笑，动态漫  也可以接纯剪辑和后期包装  这边支持一条龙制作从脚本到成片  您这边给到具体需求： 脚本/主题  制作时长和视频要求时长  参考视频/对标视频（这里强调一下不是说对标原来那种，只要是质量对标都可以发我）这边方便给你评估最准确的价格  个人制作，沟通成本低，本人理解能力强不需要过多表达，您这边明确好即可  视频的时长不限制我这边做过十分钟视频二十分钟都做过！！！！  需要有需要可以免费咨询点“我想要”进行咨询，物美价廉，个人制作沟通高效  粉丝可以给到适当优惠！！！  如果制作量比较大优惠力度会更大！！！",🟢,未来视界AI工场,广东,2026-03-16,https://www.goofish.com/item?id=1033226660180
24,476,2.76,"Apex大模型推理丝滑 Apex 大推理模型T'jai 丝滑稳定安全 稳！定！ 全服通用可以直接用 显卡ai推理，无二次付费 全程稳定，操作简单，效率拉满，体验超棒 下单秒发，教程包教包会，随时可用！ 终身包更新，售后无忧，细节问题随时问！ 调试成功不退不换❗️❗️❗️  词汇引流: #apex#ai#模型#v5#V8＃ 包更新包售后包能正常使用",🟢,琅琊自觉的玉米,广东,2026-07-13,https://www.goofish.com/item?id=1065331966698
25,446,1,"书法笔触字体设计古风毛笔ps毛笔字笔刷AI矢量墨迹 书法笔触字体设计古风毛笔ps毛笔字笔刷AI矢量墨迹 [火]24小时自动发货，直接拍，需要的朋友点下方的‘我想要’，标价就是卖价，网盘链接发货，有货[火]",🟢,小祥素材,上海,2025-05-13,https://www.goofish.com/item?id=922343935097
26,424,5.90,"【AI咨询】AI问题解答 | 功能咨询 | 使用疑问 | 一对一沟通 【AI咨询】AI问题解答 | 功能咨询 | 使用疑问 | 一对一沟通  提供 AI 相关咨询答疑服务，适合功能看不懂、不会提问、使用中有疑问、想先了解是否适合自己的场景。以问题沟通、思路梳理、功能说明为主，适合 AI 新手和日常使用咨询。  【服务方向】 ✅ AI 功能咨询、使用疑问、提问方向梳理 ✅ 工具区别、适用场景、常见问题说明 ✅ 问题定位、使用建议、沟通思路整理  【可处理内容】 ✅ AI 工具不知道怎么选、怎么用 ✅ 想问问题但不知道怎么表达更清楚 ✅ 功能区别、使用逻辑、结果理解有疑问 ✅ 日常咨询、轻量解答、思路梳理  【适用场景】 ✅ AI 新手入门咨询 ✅ 日常使用疑问解答 ✅ 功能了解与方向判断 ✅ 一对一沟通说明  【服务特点】 ✅ 按具体问题沟通，不堆太多空泛术语 ✅ 优先讲清楚能做什么、怎么问更高效 ✅ 适合先了解功能再决定后续安排 ✅ 需求范围内可继续细化说明  【下单前说明】 ⚠️ 下单前请先咨询，先发你的问题或使用场景 ⚠️ 根据问题数量、复杂度和沟通时间安排 ⚠️ 先说明你想解决什么，沟通会更高效  有需要直接联系，先沟通再安排。",🟠,程序员糖豆,四川,2025-07-09,https://www.goofish.com/item?id=949721674559
27,416,1,"闪电ai 3小时 测试卡 闪电ai  3小时测试卡 正版闪电ai  支持原音原画，支持直接对接伴侣，或者OBS，能报时报人数，回复用户问题，可以插入文字音频等等各种打乱话术对接，自带闪避视频声音！！目前开放年卡陪跑的用户",🟠,闪电ai直播软件,广东,2025-07-19,https://www.goofish.com/item?id=954475509461
28,409,98.80,"GEO AI自动创作分发 自动创作+全网分发！GEO AI系统，小白搞副业必备 想搞副业、推品牌，却卡在不会写文案、不懂技术？这款GEO AI智能收录系统，专为小白打造，不用费脑写内容、熬夜学运营，轻松实现自动化引流。 每天半小时，系统自动生成几百篇原创内容，一键分发至12个主流自媒体平台，相当于配了个24小时自动推广员。卖产品、推品牌、做私域引流，都能帮你把信息铺满全网，让客户主动找上门。 成本低至几毛钱一天，98 元就能用全年。配套全套保姆级教程：高清视频教学、图文详解、12个平台注册及优化规则，半小时就能精通玩法，小白也能快速上手。 别再被推广门槛劝退，直接用旗舰版，简单粗暴见效快。直接下单，付款后发【企业名称/昵称+手机号】，立马为你开通账号，开启自动化推广！虚拟产品开通不退不换，不懂的随时咨询！",🔴,靠Ai收录翻身的工程师,广东,2026-03-23,https://www.goofish.com/item?id=1035944589333
29,384,4.88,"Apex大模型推理稳定 Apex 大推理模型MNn 丝滑稳定安全 稳！定！ 全服通用可以直接用 显卡ai推理，无二次付费 全程稳定，操作简单，效率拉满，体验超棒 下单秒发，教程包教包会，随时可用！ 终身包更新，售后无忧，细节问题随时问！ 调试成功不退不换❗️❗️❗️  词汇引流: #apex#ai#模型#v5#V8＃ 包更新包售后包能正常使用",🟢,黑湖yu,广东,2026-07-24,https://www.goofish.com/item?id=1070376008310
30,347,8,"Nano Banana 2 AI图片生成20张 4K分辨 A I修图 图片编辑 AI设计  谷歌最新发布的AI图像模型，支持图片生成和图片编辑，性能强悍，支持中文，最高4K分辨率输出 1. 20张，8元，不限使用时间，用完为止！ 2. 支持中文提示词，一致性更强，融图能力更好。 3. 还能使用AI视频生成 4. 免费赠送一键抠图，AI扩图  如何使用？ 下单后自动发送充值卡券和使用网址，在我们网站上使用，官方接口，效果一致！",🟢,设计小妹,江苏,2025-11-24,https://www.goofish.com/item?id=997429465806
31,317,1.99,"AI养机打标签软件 帮选ai养机打标签脚本，适用于抖音、快手、百度、QQ浏览器。全自动操作，帮你解放双手，拉数据、养权重全搞定。适合想要轻松提升账号数据的人。  经济实惠好用不贵 可自助换绑其它手机 打标签养机软件 低廉的售价，完美的售后！ 试错成本不过1元  注：拍下后请联系客服(此次购买只维持一个月，到期自动失效)",🔴,花香四溢,广东,2026-06-11,https://www.goofish.com/item?id=1057505786089
32,302,18,"5e cs2 通用 ai 六月 已开启自动发货 详情看私信！！  像素识别ai 标价为天 免费远程安装 带售后 可以直播看效果 周卡月卡私信优惠",🔴,CS战神内部,黑龙江,2026-06-19,https://www.goofish.com/item?id=1059296346008
33,293,1.10,"shotdeck订阅全自动发货 ShotDeck Premium Subscription 高级会员定制全自动发货  ShotDeck Premium Subscription 高级会员定制全自动发货",🔴,技术的宅,北京,2025-12-26,https://www.goofish.com/item?id=1006565218179
34,286,48,"生日ai香槟喷水视频代剪～ 整段视频都会给你剪好，标价即是制作价格 视频风格真实自然！人物保证和原视频一样！ ai只作用于喷水部分 人物和背景不会被改变 半小时左右交付，数字和文案都能自定义  只需要你提供拿着瓶子的视频（不用喷水哈） 想要拉腿瘦身➕10，脸部精p➕10 儿童的因ai限制➕10 拍下后会和你确认定格画面，做完如需换定格画面要补一半费用（等于重新做一次）  其他都能免费修改！做到满意为止！ 基本全天在线，随时可剪 电子资料类商品，售出概不退换～  有问题随时私聊，需要直接拍～",🟠,冰糖剪辑,陕西,2026-05-13,https://www.goofish.com/item?id=1051326689832
35,272,31,"阿里云百炼平台 coding plan pro 不限制token使用，按调用次数计费 长期续费 30 元/一万次/月  自建高速中转，方便计次收费 提供自助查询，公平透明 长期稳定运行，省心省力  支持多模型自由切换，适合开发者、AI编程、科研使用。  禁止用作违法活动 仅可用于学习研究使用   支持以下模型: qwen3.7-plus qwen3.6-plus MiniMax-M2.5 glm-5 kimi-k2.5 deepseek-flash mimo-v2.5",🟢,北齐率真的银鱼,浙江,2026-05-09,https://www.goofish.com/item?id=1050329085733
36,263,50,"AI矢量图代画服务 AI矢量图代画服务 支持AI/Illustrator相关制作，勾图描线、平面设计、Logo绘制、抠图描图、线稿转矢量图都可以做 大学生接单，按复杂程度定价 有需要直接拍，细节私聊",🟠,aiAi,吉林,2026-04-02,https://www.goofish.com/item?id=1038234799466
37,259,1.68,"ai记牌器软件开发 ai斗地主记牌器,微欢乐JJ途游边锋天天斗地主记牌器，ai自动提示器，欢迎体验 ai记牌器功能介绍： （1）支持经典模式3人斗地主，支持各种大平台小程序APP或自建房支持安卓手机和电脑模拟器，苹果私聊客服。 （2）智能AI提示，记牌器通过百...",🔴,麻雀网络科技,山东,2025-12-01,https://www.goofish.com/item?id=998475354040
38,249,1,"可商用艺术字体【自动发货】 500+款可商用艺术字体合集！中英文/卡通/书法全都有，Win/Mac通用，PS、AI、PPT、Procreate等软件都能用！附安装教程+海报排版预览，设计直接套，省时又高级！拍下自动发bai度+侉克网盘链接，手机电脑秒下载。电子资料不退不换，自用整理仅供学习交流，需要的宝放心冲！",🟢,我和小虎子,河南,2026-05-26,https://www.goofish.com/item?id=1052903495222
39,242,5999,"OPC AI变现收徒（三个月） # OPC AI变现收徒（三个月）  学费：5999 元  AI时代，普通人真正值得关注的机会，不只是学会使用几个工具，而是能否围绕真实客户需求，把个人能力、AI工具、获客方式和交付体系组合成一门可持续的小生意。  明远AI推出三个月 OPC（One Person Company，一人公司）AI创业实战培养。我们是专业企业 AI 落地团队，不是个人兼职，拥有真实客户服务和项目交付经验。培养过程将结合公司实际项目案例，带学员理解从机会判断、产品设计、流量获取到客户交付的完整商业链路。  ## 你将学习什么  ### 第一阶段：认知与定位  - 理解AI时代普通人的创业机会与行业变化 - 盘点个人能力、资源、经验和可投入时间 - 判断适合自己的客户类型与细分方向 - 学会从真实业务痛点中发现可付费需求 - 建立基本的商业认知，避免只会技术不会成交  ### 第二阶段：商业模式与流量获取  - 设计目标客户、核心价值和服务边界 - 将能力包装为可沟通、可报价的产品或服务 - 梳理定价逻辑、成本结构和基本盈利路径 - 学习内容获客、私域沟通、渠道合作等流量方法 - 设计从线索、咨询、需求判断到成交的流程  ### 第三阶段：交付体系与商业闭环  - 学习客户沟通、需求访谈和方案设计 - 拆解项目范围、交付节点与验收标准 - 使用AI工具提升方案、内容、开发和运营效率 - 建立标准化资料、服务流程和复盘机制 - 根据执行反馈持续优化产品与交付方式  ## 实战教学方式  - 公司真实客户项目案例拆解：案例将进行必要脱敏，不披露客户隐私和商业机密 - 关键环节思路拆解：讲清为什么这样判断、设计和交付 - 场景作业与实操演练：让学员亲自完成定位、产品和方案设计 - 作业点评与问题反馈：针对执行中的关键问题进行分析 - 商业方案辅导：结合个人基础优化方向和实施路径  ## 适合这样的学员  - 热爱AI，认可AI的长期价值 - 希望未来从事AI创业或AI相关服务 - 愿意持续学习，而不是只寻找短期风口 - 能够投入必要时间完成学习、作业和实践 - 接受“成功 = 认知 + 勤奋”，愿意为结果承担行动责任  ## 不适合这样的学员  - 希望购买课程后自动赚钱的人 - 只想获得客户资源、不愿提升交付能力的人 - 无法投入时间学习和执行的人 - 期待保证收入、保证成交或固定回本周期的人 - 同行探价、复制课程或收集内部案例者  ## 重要说明  本服务提供商业认知、方法辅导、案例教学和实践反馈，不构成投资建议，也不承诺收入、成交数量、回本时间或创业成功。实际结果受个人基础、投入时间、执行能力、市场环境和客户需求等多种因素影响。  学员应依法合规开展经营活动，尊重知识产权、客户隐私和平台规则。课程涉及的第三方工具、模型、账号、服务器或软件订阅费用，如有需要，由学员自行承担。  这是筛选型实战培养，不是低价录播课。同行勿扰，嫌贵者勿扰。确认认可培养方式并能投入时间后再咨询。",🟠,明远AI,北京,2026-07-22,https://www.goofish.com/item?id=1067034179647
40,231,9.80,"老男孩定制AI游戏产品 稳定高效 品牌:老男孩（个人定制） 颜色分类:【Pro】国内1天直登 颜色分类:【Pro】国内3天直登 颜色分类:【Pro】国内7天直登 颜色分类:【Pro】国内30天直登 颜色分类:【Pro】国内60天直登",🟠,严选数码科技,湖南,2026-06-05,https://www.goofish.com/item?id=1057991796279
41,193,9.90,"Yolo部署RK3588软件开发 yolo部署瑞芯微RK3588开发板，手把手教你搞定！支持yolo模型训练，导出ONNX，量化转换为RKNN，可以在Python和C++中部署。多线程加速功能可选，还能增加计数功能。适合想要快速上手AI开发的朋友，包教包会哦！",🟠,无敌66666,上海,2025-11-13,https://www.goofish.com/item?id=992795063811
42,185,3,"picdoc科研AI绘图无限积分 支持各种图片生成 无限积分 1小时=3 2小时=5 5小时=9 1天=15 1月=50私聊 到时不下线  先给我发消息，直接拍不弹消息回复很慢 使用方式:扫码登我的号  苦逼研究生自用，挂上来回回血 绘图效果不保证，数据自己存档。 有什么不会的可以问我",🟠,灯小寒,黑龙江,2026-05-06,https://www.goofish.com/item?id=1049356289072
43,178,1.06,"医学细胞生物绘图AI素材DNA实验仪器3D设计矢量图标志图标 医学细胞生物绘图AI素材DNA实验仪器3D设计矢量图标志图标化学  全套生物医学科研绘图素材（PPT格式可编辑），涵盖各领域CNS级插图素材、科研插图素材、医学/科研ppt模板等，你想要的它都有！ 1、传染病学绘图素材 2、分子生物学图...",🟢,英华社收藏,广东,2025-01-25,https://www.goofish.com/item?id=882255860439
44,175,2.90,"即梦Seedance 2.0视频AI视频 AI视频代做 Ai动画生成 Aigc 视频制作，动画、写实、真人、科普、科技、历史、广告、对口型等，只要和ai视频相关内容均可做，24小时在线，可接急单！快速出片！。 需提供:故事剧情或文案，如果没有剧本也可以把想法告诉我们，我们可以帮您写剧本。 拍前先沟通，已经做了几百份了，认真负责质量放心！ 价格视视频时间长短和复杂度而定。 感兴趣的点我想要和我交流吧 高效、高质量、价格便宜",🟠,画画的北北,广东,2026-06-08,https://www.goofish.com/item?id=1056750890179
45,162,799,"Codex 入门实战陪跑（1个月） # Codex 入门实战陪跑（1个月）  价格：799元  想把Codex用起来，却总卡在环境、方法和实操环节？智业工坊用1个月带你从基础上手到任务实践，按清晰路径学习，有问题及时答疑，避免一个人反复试错。  ## 服务内容  1. 环境排错、工具安装与基础配置 2. 核心使用方法和日常效率技巧 3. 常用Skills扩展与插件练习 4. 精选案例讲解，练习需求与任务拆分 5. 结合个人实际任务进行实操辅导 6. 持续答疑、阶段检查和学习复盘  ## 四步学习路径  - 第一步：处理环境问题，完成安装 - 第二步：掌握核心方法，建立正确用法 - 第三步：练习Skills扩展，提升能力 - 第四步：完成真实任务，答疑并复盘  ## 学员要求  愿意投入时间学习，有真实使用需求，能说清楚自己希望解决的问题。适合新手、职场人和希望尝试AI实操的个体创业者。  ## 服务须知  商品为1个月线上指导和实战陪跑，不提供账号售卖，也不包含完整软件项目代做。第三方平台或资源产生的费用需自行承担。学习成果与个人投入和任务复杂度有关，不做收益承诺。",🟠,智业工坊,北京,2026-07-29,https://www.goofish.com/item?id=1071654372540
46,162,1,"最新Ai人声音高节奏修正插件 DoublePi Vovious 持续更新！一键安 装！支持 WiN/MAC 一键安装告别繁琐！ （自动秒拍秒发！粉丝福利！关注后购买自动改为0.5元） Vovious的必备工具提供了用于改变音高、斜率、颤音、共振峰和音符振幅的高级控制功能。  音高绘制：打击垫绘制模式允许你在打击垫上绘制任何内容。  临时音符：临时音符让你能够轻松进行微观层面的修改。你可以指定开始和结束位置。  时序：编辑歌曲时序时，垂直线的颜色显示音符与节拍的关系。  齿音编辑：Vovious 允许你编辑齿音、噪音和呼吸声（由波形上的深色区域指示）的振幅。  ARA插件扩展  在兼容ARA的数字音频工作站（DAW）中，Vovious会立即接收你的人声轨道，并追踪你在数字音频工作站中对片段所做的更改。即使是播放控制、循环、节奏和速度方面的变化也能实现同步。  音阶检测  Vovious会自动检测你的人声录音的调。你可以使用这个调来调整音符，还可以选择显示相应的颜色。  MIDI参考调音 如果您已有MIDI格式的人声旋律，只需将MIDI文件拖放到Vovious中即可导入。现在，您可以使用此参考来调整音符。  撤销/重做菜单  撤销/重做菜单允许你逐步浏览编辑内容，并一次性撤销/重做多个操作。与循环功能结合使用时，你可以轻松比较编辑前后的声音。  多轨编辑  Vovious 允许你在一个窗口中编辑多个轨道。你可以使用 TrackSwitcher 在轨道之间切换。其他轨道可以在你的数字音频工作站（DAW）中通过轨道颜色作为参考显示。这些颜色能帮助你了解哪些音符属于哪个轨道。  神经网络音高检测  精确的音高检测对于完美的人声调音至关重要。Vovious采用先进的神经网络技术，无需使用云服务即可获得最佳效果。所有计算都在您的计算机上进行，且数据仅留存于本地。  全天候工作流程 您可以轻松调整Vovious用户界面的亮度，以适应一天中任何时间的需求。一个不错的额外好处是：通过调整亮度，您可以使Vovious与您的数字音频工作站（DAW）的配色方案相匹配。  支持:VST3 ARA AU",🟢,这是一朗朗上口的昵称啊,内蒙古,2026-01-05,https://www.goofish.com/item?id=1010743380059
47,157,2,"AI详情页全套实操教程 AI电商详情页全套实操教程，主流AI工具高质量快速出图，商品详情页、带货短视频一站式搞定！ 操作门槛低，零基础小白上手无压力。  内含亚马逊跨境专属详情页模板指令，实测全部跑通，大幅节省作图时间。 模板支持二次爆改，淘宝、拼多多等多平台通用，到手直接套用，不用自己找模板反复调试，省心又省力！  网盘资源自动发货，虚拟资料一经发出不退不换，有疑问直接私聊～",🟢,陪你吹吹风,上海,2026-07-06,https://www.goofish.com/item?id=1062690963093
48,156,1499,"AI Agent 收徒实战陪跑（1个月） # AI Agent 收徒实战陪跑（1个月）  价格：1499元  想把AI智能体用到真实工作，却不知道从工具选择、流程设计还是智能体搭建开始？明远AI提供1个月实战陪跑，以公司真实项目案例为基础，帮助你建立从需求分析到结果复盘的完整落地方法。  ## 培养内容  1. AI智能体基础认知、能力边界与场景判断 2. 真实业务需求梳理与任务拆解方法 3. 工作流设计、节点编排及异常处理思路 4. 知识库规划、资料整理和调用逻辑 5. AI智能体搭建、调试、测试与持续优化 6. 结合个人真实问题进行1V1答疑和阶段复盘  ## 30天实战路径  - 第1周：明确场景，掌握核心方法 - 第2周：拆解任务，设计业务工作流 - 第3周：搭建智能体并完成测试 - 第4周：结合真实任务实战、校验与复盘  ## 适合人群  - 希望用AI智能体提升效率的职场人 - 有明确业务场景、准备推动AI落地的创业者 - 想系统学习智能体方案设计与交付方法的人  ## 服务说明  本商品为线上教学、咨询和实战陪跑服务，不等同于完整项目外包。第三方账号、接口、服务器及相关资源费用不包含在服务费内。实际成果取决于需求清晰度、投入时间和执行情况，不承诺收入或固定经营结果。",🟠,明远AI,北京,2026-07-29,https://www.goofish.com/item?id=1068829247580
49,145,1.66,"即梦Seedance2.0视频代生成 即梦 Seedance 2.0 视频代生成  短视频 ，剧情动画，都可以做。 充了一年会员，过了退款次数，便宜生成  AI 本身有随机性，细节无法保证百分百完美。 开始生成默认接受，不退不改。",🔴,努力小言,广东,2026-04-06,https://www.goofish.com/item?id=1041666536015
50,140,9.90,"纳米香蕉 2&pro生图4K⚡纳米banana 2&pro生 图 次卡  24h自动发货，平板/电脑/手机/多端可用，送900+提示词案例，每日更新  ⚡无时间限制，积分不过期，高并发，支持批量生成 10万积分按次扣费 无会员费 无平台使用费 纳米 banana 440元/次（可生227张） 纳米 banana2 1200元/次（可生83张） 纳米 banana pro 1800元/次（可生55张） （三种模型1k/2k/4k同价）  三种模型可混用，按需选择  注意：非单独api，非gemin官网，是大香蕉的使用次数 注意：请规范使用，严禁制作及传播违法违规内容，一经查实，直接封禁账号  虚拟商品，拍下不退/概不退换",🟢,小闲咸咸,四川,2026-04-10,https://www.goofish.com/item?id=1040650923876
